Year,Population,AverageMoney,Price,Stored,FoodPercentage,AgeDeath,Starvation,PlagueDeath
1,5,3921.18,0.763604,2099.44,349.906,0,5,0
2,5,8241.46,0.763604,3959.85,659.975,0,0,0
3,5,12561.7,0.763604,5734.1,955.684,0,0,0
4,5,16882,0.763604,7406.98,1234.5,0,0,0
5,5,21202.3,0.763604,8950.33,1491.72,0,0,0
6,6,21285.5,0.763604,10368.6,1440.08,0,0,0
7,8,18689.3,0.763604,11224,1169.16,0,0,0
8,8,21389.5,0.763604,11584.6,1206.72,0,0,0
9,8,24089.7,0.763604,11901.5,1239.74,0,0,0
10,8,26789.8,0.763604,12257.2,1276.79,0,0,0
11,10,23612,0.763604,12345.1,1028.76,0,0,0
12,11,23438.3,0.763604,11780,892.425,0,0,0
13,11,25402.1,0.763604,11040.9,836.431,0,0,0
14,11,27365.9,0.763604,10286.8,779.306,0,0,0
15,11,29329.6,0.763604,9609.29,727.976,0,0,0
16,11,31293.4,0.763604,8971.21,679.637,0,0,0
17,12,30494.1,0.763604,8241.43,572.322,0,0,0
18,12,32294.2,0.763604,7305.37,507.317,0,0,0
19,12,34094.3,0.763604,6435.7,446.923,0,0,0
20,11,30410.1,0.763604,5042.75,382.026,1,0,0
21,11,31934.6,0.783358,3882,294.091,0,0,0
22,12,30654.3,1.35561,2717.58,188.721,0,0,0
23,12,31914.1,2.87276,1363.58,94.6928,0,0,0
24,11,35804.4,7.95439,308.611,23.3796,0,1,0
25,6,56080.6,7.34742,197.044,27.3672,0,5,0
26,6,58210.6,1.70081,1117.55,155.215,0,0,0
27,6,60906.2,0.856776,1973.82,274.142,0,0,0
28,5,50756.2,0.763604,2360.92,393.487,1,0,0
29,5,53470.1,0.763604,3108.98,518.164,0,0,0
30,5,57060.4,0.763604,4925.91,820.984,0,0,0
31,5,60650.7,0.763604,6590.79,1098.46,0,0,0
32,5,64240.9,0.763604,8206.44,1367.74,0,0,0
33,6,56542.7,0.763604,9690.64,1345.92,0,0,0
34,5,37478.4,0.763604,10381.4,1730.23,1,0,0
35,6,33374.5,0.763604,10787.4,1498.25,0,0,0
36,6,35500.4,0.763604,11118.2,1544.19,0,0,0
37,7,32265.4,0.763604,11437.2,1361.57,0,0,0
38,7,34087.5,0.763604,11406.1,1357.87,0,0,0
39,8,31433.5,0.763604,11112.8,1157.58,0,0,0
40,8,33027.9,0.763604,10668.5,1111.3,0,0,0
41,8,34622.3,0.763604,10333.4,1076.39,0,0,0
42,8,36216.7,0.763604,9983.32,1039.93,0,0,0
43,8,37811,0.763604,9564.39,996.291,0,0,0
44,9,35038.2,0.763604,9128.51,845.233,0,0,0
45,9,36455.4,0.763604,8495.55,786.625,0,0,0
46,8,19881.6,0.763604,7488.6,780.062,1,0,0
47,8,20963.3,0.763604,6523.74,679.556,0,0,0
48,8,22045.1,0.763604,5617.45,585.151,0,0,0
49,8,23126.8,0.763604,4753.97,495.205,0,0,0
50,8,24208.5,0.763604,3919.05,408.235,0,0,0
51,8,25388.1,0.763604,3257.3,339.302,0,0,0
52,8,27119.4,0.763604,3255.35,339.099,0,0,0
53,8,29345.4,0.763604,3914.57,407.767,0,0,0
54,8,31680.6,0.763604,4636.47,482.965,0,0,0
55,8,34031,0.763604,5275.28,549.509,0,0,0
56,8,36924.5,0.763604,6711.91,699.157,0,0,0
57,8,40008.2,0.763604,8600.62,895.898,0,0,0
58,8,43186.2,0.763604,10671.5,1111.62,0,0,0
59,8,46364.2,0.763604,12550,1307.29,0,0,0
60,8,49542.2,0.763604,14365,1496.36,0,0,0
61,8,52720.2,0.763604,16050.3,1671.91,0,0,0
62,8,56055.2,0.763604,17895.4,1864.11,0,0,0
63,8,59654.6,0.763604,20213.3,2105.55,0,0,0
64,8,63254,0.763604,22328.5,2325.89,0,0,0
65,8,66853.4,0.763604,24401.2,2541.79,0,0,0
66,8,70452.8,0.763604,26387,2748.65,0,0,0
67,8,74052.2,0.763604,28152.8,2932.58,0,0,0
68,8,77651.7,0.763604,29928.3,3117.53,0,0,0
69,9,72234.3,0.763604,31581,2924.16,0,0,0
70,9,75433.8,0.763604,32782.3,3035.4,0,0,0
71,11,64354.5,0.763604,33651.6,2549.36,0,0,0
72,10,61351.3,0.763604,33946.7,2828.89,1,0,0
73,10,63966.7,0.763604,33895.4,2824.62,0,0,0
74,10,66582.1,0.763604,33893.3,2824.44,0,0,0
75,11,62915.9,0.763604,33661.1,2550.08,0,0,0
76,9,48200.8,0.763604,33099.5,3064.77,2,0,0
77,9,50438.7,0.763604,31958.4,2959.11,0,0,0
78,9,52676.6,0.763604,30890.2,2860.2,0,0,0
79,9,54914.6,0.763604,29888,2767.4,0,0,0
80,9,57152.5,0.763604,29002.1,2685.38,0,0,0
81,9,59390.4,0.763604,28086.5,2600.6,0,0,0
82,9,61628.4,0.763604,27233.9,2521.65,0,0,0
83,9,63866.3,0.763604,26452.6,2449.32,0,0,0
84,9,66104.3,0.763604,25654.7,2375.44,0,0,0
85,10,61518,0.763604,24847.8,2070.65,0,0,0
86,10,63532.1,0.763604,23788.9,1982.41,0,0,0
87,10,65648.6,0.763604,22954.9,1912.91,0,0,0
88,11,61860.4,0.763604,22434.7,1699.6,0,0,0
89,11,64475.3,0.763604,22767.1,1724.78,0,0,0
90,11,67491.2,0.763604,23738.2,1798.35,0,0,0
91,11,70507.2,0.763604,24616.4,1864.88,0,0,0
92,11,73523.1,0.763604,25584.8,1938.24,0,0,0
93,12,70366.2,0.763604,26795.1,1860.77,0,0,0
94,12,73442.1,0.763604,27967.4,1942.18,0,0,0
95,13,70639.8,0.763604,28935.9,1854.87,0,0,0
96,13,73479.1,0.763604,29645.7,1900.37,0,0,0
97,14,70874.3,0.763604,30161.3,1795.31,0,0,0
98,14,73510.9,0.763604,30353.4,1806.75,0,0,0
99,14,58275.6,0.763604,30090.2,1791.08,1,0,0
100,13,47418.9,0.763604,29262.2,1875.78,1,0,0
101,13,49486.9,0.763604,28467.7,1824.85,0,0,0
102,13,51554.9,0.763604,27699.4,1775.6,0,0,0
103,12,40285,0.763604,26583.4,1846.07,1,0,0
104,11,36551.1,0.763604,25812.6,1955.5,1,0,0
105,13,32864.2,0.763604,24788.9,1589.03,0,0,0
106,13,34898,0.763604,23995.6,1538.18,0,0,0
107,13,36966,0.763604,23334,1495.77,0,0,0
108,13,39034,0.763604,22814.8,1462.49,0,0,0
109,12,31210,0.763604,22143,1537.71,1,0,0
110,12,33169.4,0.763604,21251.6,1475.8,0,0,0
111,12,35166.5,0.763604,20469.8,1421.51,0,0,0
112,12,37376.4,0.763604,20405.5,1417.05,0,0,0
113,12,39658.4,0.763604,20602.4,1430.73,0,0,0
114,12,42118.8,0.763604,21296.4,1478.91,0,0,0
115,12,44635.4,0.763604,22100.2,1534.74,0,0,0
116,12,47315.9,0.763604,23426.9,1626.87,0,0,0
117,12,50038,0.763604,24774.6,1720.46,0,0,0
118,12,52908.3,0.763604,26701.7,1854.29,0,0,0
119,14,47824.4,0.763604,28358,1687.97,0,0,0
120,15,46939,0.763604,29234.1,1624.12,0,0,0
121,15,49235.2,0.763604,29939.9,1663.33,0,0,0
122,15,51531.4,0.763604,30624,1701.33,0,0,0
123,15,53975.5,0.763604,31810.8,1767.27,0,0,0
124,17,50016.9,0.763604,33592.5,1646.69,0,0,0
125,18,49491.3,0.763604,34718.3,1607.33,0,0,0
126,18,51738.8,0.763604,35690.8,1652.35,0,0,0
127,19,51150.2,0.763604,36476.9,1599.86,0,0,0
128,19,53279.4,0.763604,36823.9,1615.08,0,0,0
129,19,55408.7,0.763604,37283.8,1635.26,0,0,0
130,19,57537.9,0.763604,37624,1650.18,0,0,0
131,20,56688.8,0.763604,38002.7,1583.45,0,0,0
132,21,55920.5,0.763604,37966.5,1506.61,0,0,0
133,21,57847,0.763604,37546.4,1489.93,0,0,0
134,21,51362.5,0.763604,37158.4,1474.54,1,0,0
135,21,53111.1,0.763604,36041,1430.2,0,0,0
136,19,37367.3,0.763604,34624.7,1518.63,2,0,0
137,21,35228.4,0.763604,33169.4,1316.25,0,0,0
138,22,35371.6,0.763604,32864.2,1244.85,0,0,0
139,22,37160.8,0.763604,32491.5,1230.74,0,0,0
140,21,32325.1,0.763604,31698.6,1257.88,1,0,0
141,22,32479.6,0.763604,30752.8,1164.88,0,0,0
142,23,32687.3,0.763604,30131.4,1091.72,0,0,0
143,23,34405.6,0.763604,30329,1098.88,0,0,0
144,23,36188,0.763604,31130.1,1127.9,0,0,0
145,26,33623.8,0.763604,31358.9,1005.09,0,0,0
146,26,35344.2,0.763604,31702.9,1016.12,0,0,0
147,27,35695.5,0.763604,31677.1,977.687,0,0,0
148,29,34783,0.763604,31452.2,903.798,0,0,0
149,30,35130,0.763604,30644.5,851.236,0,0,0
150,29,30106.6,0.763604,30358,872.357,1,0,0
151,29,31740.1,0.763604,30450.3,875.009,0,0,0
152,29,33409.4,0.763604,30835.8,886.086,0,0,0
153,28,33215.8,0.763604,31501.5,937.545,1,0,0
154,29,33820.6,0.763604,31890.7,916.399,0,0,0
155,31,33306.1,0.763604,32031.2,861.053,0,0,0
156,32,33954.2,0.763604,32969.6,858.584,0,0,0
157,33,34615,0.763604,34191.6,863.425,0,0,0
158,33,36301.6,0.763604,35038.5,884.81,0,0,0
159,34,32669.7,0.763604,35338.7,866.144,1,0,0
160,33,31109.7,0.763604,36071.7,910.901,1,0,0
161,35,30938.4,0.763604,36478.9,868.545,0,0,0
162,34,29822.2,0.763604,36418.8,892.617,1,0,0
163,35,30619.5,0.763604,37228,886.381,0,0,0
164,34,30148.3,0.763604,38626.6,946.729,1,0,0
165,34,31916.1,0.763604,40548.4,993.834,0,0,0
166,36,31899,0.763604,43117.5,998.089,0,0,0
167,36,33852.7,0.763604,45818.7,1060.62,0,0,0
168,37,34890.5,0.763604,48406.3,1090.23,0,0,0
169,38,35873.6,0.763604,50529.3,1108.1,0,0,0
170,37,36337.6,0.763604,52092.3,1173.25,1,0,0
171,39,31199.4,0.763604,52558.4,1123.04,1,0,0
172,39,32931.4,0.763604,53224.4,1137.27,0,0,0
173,40,33913.2,0.763604,54515.4,1135.74,0,0,0
174,40,35803.1,0.763604,56655,1180.31,0,0,0
175,41,36858.7,0.763604,59069,1200.59,0,0,0
176,41,38883,0.763604,61862.9,1257.38,0,0,0
177,42,40036.1,0.763604,65098.8,1291.64,0,0,0
178,42,42164,0.763604,68622.6,1361.56,0,0,0
179,43,43337.6,0.763604,72754.9,1409.98,0,0,0
180,43,45530.4,0.763604,76861.9,1489.57,0,0,0
181,45,45618.9,0.763604,80703.9,1494.52,0,0,0
182,46,46792.1,0.763604,84312.6,1527.4,0,0,0
183,48,46919.3,0.763604,87768,1523.75,0,0,0
184,47,41431.2,0.763604,90065.9,1596.91,2,0,0
185,51,36902.6,0.763604,91636.4,1497.33,1,0,0
186,51,38754.3,0.763604,93069.7,1520.75,0,0,0
187,51,40644.9,0.763604,94732.7,1547.92,0,0,0
188,54,40182.3,0.763604,96144.7,1483.71,0,0,0
189,55,39613.8,0.763604,97602.2,1478.82,1,0,0
190,56,39371.9,0.763604,98787.4,1470.05,1,0,0
191,56,39522.1,0.763604,99384.6,1478.94,1,0,0
192,56,38142.1,0.763604,100023,1488.43,1,0,0
193,57,39203.7,0.763604,100074,1463.08,0,0,0
194,60,38921.6,0.763604,100252,1392.39,0,0,0
195,60,40618,0.763604,99484.4,1381.73,0,0,0
196,64,39712.6,0.763604,98365.1,1280.8,0,0,0
197,64,39684.7,0.763604,97385,1268.03,1,0,0
198,63,38025.4,0.763604,95572.4,1264.19,1,0,0
199,63,35784.9,0.763604,94843.1,1254.54,1,0,0
200,66,35744.2,0.763604,94535.8,1193.63,0,0,0
201,68,36268.4,0.763604,93496.8,1145.79,0,0,0
202,67,37426.1,0.763604,93766.6,1166.25,1,0,0
203,68,37584.3,0.763604,94611.8,1159.46,1,0,0
204,68,38110.6,0.763604,96604.2,1183.88,1,0,0
205,68,39960.8,0.763604,98712.1,1209.71,0,0,0
206,69,38164.5,0.763604,100586,1214.8,1,0,0
207,70,38187.3,0.763604,102693,1222.53,1,0,0
208,71,39564.4,0.763604,106016,1244.32,0,0,0
209,74,39872.4,0.763604,110298,1242.09,0,0,0
210,71,38508.8,0.763604,113230,1328.99,3,0,0
211,71,40484.2,0.763604,116330,1365.37,0,0,0
212,73,40307.2,0.763604,118987,1358.29,1,0,0
213,73,40361.9,0.763604,122453,1397.86,1,0,0
214,74,36081.9,0.763604,125939,1418.23,2,0,0
215,76,37077.1,0.763604,130108,1426.62,0,0,0
216,81,36659.3,0.763604,133357,1371.99,0,0,0
217,82,38079,0.763604,135940,1381.5,0,0,0
218,82,39986.7,0.763604,138955,1412.14,0,0,0
219,82,42009.9,0.763604,143791,1461.29,0,0,0
220,82,39235.4,0.763604,147461,1498.58,3,0,0
221,88,36430.1,0.763604,150952,1429.47,1,0,0
222,93,33775.5,0.763604,152312,1364.8,1,0,0
223,95,34736.9,0.763604,152319,1336.13,0,0,0
224,95,34357.8,0.763604,151190,1326.23,1,0,0
225,98,33885.2,0.763604,150923,1283.36,1,0,0
226,100,32539.6,0.763604,148763,1239.69,2,0,0
227,104,32939.6,0.763604,147581,1182.54,0,0,0
228,106,33971.8,0.763604,146805,1154.13,0,0,0
229,108,32651.2,0.763604,144049,1111.49,1,0,0
230,110,33646.3,0.763604,141895,1074.96,0,0,0
231,112,34022.2,0.763604,140717,1047,1,0,0
232,113,34232.7,0.763604,139112,1025.9,1,0,0
233,117,33446.9,0.763604,137627,980.246,1,0,0
234,119,33793.7,0.763604,137704,964.311,1,0,0
235,120,35239.8,0.763604,139186,966.57,0,0,0
236,121,34288.3,0.763604,139145,958.298,3,0,0
237,129,33745.2,0.763604,136202,879.859,0,0,0
238,130,34523.3,0.763604,132059,846.534,1,0,0
239,133,35395.1,0.763604,130464,817.443,0,0,0
240,133,35320.8,0.763604,133817,838.451,1,0,0
241,138,35818.6,0.763604,137657,831.265,0,0,0
242,140,35854.6,0.763604,142573,848.648,1,0,0
243,142,37172.3,0.763604,148242,869.962,0,0,0
244,146,36797.8,0.763604,154293,880.669,1,0,0
245,149,37936.3,0.763604,161801,904.929,0,0,0
246,150,37698.9,0.763604,169638,942.433,2,0,0
247,153,37820,0.763604,177317,965.778,1,0,0
248,154,38336.8,0.763604,184901,1000.55,1,0,0
249,157,38714.2,0.763604,190156,1009.32,1,0,0
250,154,35288.3,0.763604,196856,1065.24,6,0,0
251,157,36526.6,0.763604,205114,1088.72,0,0,0
252,161,37542.5,0.763604,213403,1104.57,0,0,0
253,160,37089.5,0.763604,220272,1147.25,3,0,0
254,163,37905.8,0.763604,227299,1162.06,1,0,0
255,165,36821.9,0.763604,237242,1198.19,3,0,0
256,170,37154.2,0.763604,245924,1205.51,1,0,0
257,171,37995.7,0.763604,255961,1247.37,1,0,0
258,172,38931.3,0.763604,265147,1284.63,1,0,0
259,173,39400.6,0.83862,57879.6,278.804,2,0,0
260,174,40512.4,0.763604,79899.8,382.662,1,0,0
261,176,39773.8,0.763604,98975.2,468.633,3,0,0
262,177,41275.4,0.763604,117814,554.678,1,0,0
263,183,40895.6,0.763604,135795,618.376,1,0,0
264,186,41687.1,0.763604,153938,689.688,1,0,0
265,189,42238.3,0.763604,172090,758.774,1,0,0
266,189,41964.3,0.763604,189403,835.111,3,0,0
267,192,42666.1,1.5047,39785.4,172.68,1,0,0
268,196,42917.8,0.856413,64499.7,274.233,2,0,0
269,200,43616.5,0.763604,86367.1,359.863,1,0,0
270,204,44867.1,0.763604,109049,445.461,0,0,0
271,208,44920.1,0.763604,132628,531.363,2,0,0
272,212,44492.2,0.763604,154305,606.545,2,0,0
273,212,45769.8,0.763604,173766,683.041,1,0,0
274,217,44407.5,0.763604,192631,739.75,3,0,0
275,223,45298.8,0.763604,213303,797.098,0,0,0
276,233,45382.9,0.763604,230905,825.839,0,0,0
277,240,45026.6,0.763604,245604,852.791,2,0,0
278,240,45406.2,0.763604,257895,895.467,2,0,0
279,241,45918.2,0.763604,271581,939.077,3,0,0
280,246,45562.7,0.763604,283835,961.502,2,0,0
281,253,44390.5,0.763604,293424,966.483,3,0,0
282,260,43624.8,0.763604,303226,971.878,2,0,0
283,266,44079.6,0.763604,312822,980.02,1,0,0
284,272,45031.6,0.763604,322463,987.939,0,0,0
285,272,45382.9,0.763604,332204,1017.78,2,0,0
286,277,45025.9,0.763604,341074,1026.1,4,0,0
287,276,43171.6,0.763604,348468,1052.14,8,0,0
288,278,42640.8,0.763604,355108,1064.47,4,0,0
289,280,43458.8,0.763604,362587,1079.13,1,0,0
290,286,42985.9,0.763604,370093,1078.36,3,0,0
291,285,42454.6,0.763604,376220,1100.06,5,0,0
292,286,42628.4,0.763604,158485,461.785,3,0,0
293,289,42716,0.763604,178016,513.31,3,0,0
294,294,42334.2,0.763604,198483,562.593,3,0,0
295,297,42999.9,0.898669,94085.5,263.988,2,0,0
296,302,42397.3,0.763604,124034,342.257,3,0,0
297,307,42911.3,0.763604,152332,413.497,2,0,0
298,308,42850.1,0.763604,178506,482.972,4,0,0
299,314,42408.5,0.763604,208844,554.257,4,0,0
300,323,42593.9,1.43995,69498.8,179.306,1,0,0
301,335,41901.4,0.950163,101521,252.539,2,0,0
302,342,38016.1,0.763604,131558,320.559,9,0,0
303,351,38180.1,0.763604,157504,373.942,2,0,0
304,350,38268.1,0.763604,183471,436.837,4,0,0
305,360,38491.1,1.55633,72458.2,167.727,1,0,0
306,364,37448.1,1.01201,104868,240.083,4,0,0
307,373,37543.9,0.763604,134522,300.542,4,0,0
308,380,38001.2,0.763604,161848,354.931,2,0,0
309,394,37196.5,0.763604,187750,397.102,4,0,0
310,400,37316,0.763604,207779,432.873,3,0,0
311,417,36455.7,0.763604,224712,449.065,3,0,0
312,427,36196.9,0.763604,240479,469.32,3,0,0
313,436,35842.4,0.763604,251432,480.565,4,0,0
314,445,36025,0.763604,261681,490.039,3,0,0
315,435,35997.2,4.13044,33190.7,63.5837,3,15,0
316,441,36263.5,2.77327,51932.1,98.1332,2,0,0
317,450,36136.6,2.08759,69666.7,129.012,3,0,0
318,459,36130.8,1.59705,90337,164.011,3,0,0
319,467,36399.8,1.26695,111929,199.731,3,0,0
320,474,36269.8,0.98867,139146,244.632,4,0,0
321,482,35761,0.813891,165093,285.431,5,0,0
322,492,36400.3,0.763604,194902,330.119,2,0,0
323,504,36498,0.763604,220541,364.651,3,0,0
324,512,36973.8,0.763604,245966,400.335,3,0,0
325,403,36543.2,12.1162,2625.41,5.42888,1,116,0
326,263,38894.3,10.6,3344,10.5957,2,138,0
327,262,39955.5,6.21589,11473.2,36.4924,0,3,0
328,261,39722.6,2.98231,28541.1,91.1274,3,0,0
329,269,40771.5,1.68342,50558.9,156.626,0,0,0
330,275,40982.1,0.995045,80312.6,243.372,2,0,0
331,280,41609.3,0.763604,116603,347.033,2,0,0
332,286,42584.7,1.52096,58717.9,171.089,1,0,0
333,294,41852.8,0.790706,103002,291.956,3,0,0
334,303,43418,0.763604,150380,413.587,0,0,0
335,312,42451.3,0.763604,198200,529.379,4,0,0
336,324,43666.9,0.763604,248071,638.043,0,0,0
337,338,43955.8,0.763604,299272,737.85,1,0,0
338,354,44046,0.763604,344892,811.892,1,0,0
339,364,44888.6,0.763604,383282,877.477,1,0,0
340,378,44582.2,0.763604,149753,330.144,2,0,0
341,390,43943.9,0.763604,185329,396.003,3,0,0
342,388,43307.6,0.763604,211528,454.313,6,0,0
343,398,44460.2,0.763604,234776,491.574,0,0,0
344,407,44319.7,0.763604,251971,515.911,3,0,0
345,411,45065.6,5.45619,21871.1,44.3453,2,0,0
346,412,43878.8,2.96753,45284.9,91.5957,5,0,0
347,419,42063,2.07337,65278.4,129.83,6,0,0
348,430,41601.1,1.58689,85100.2,164.923,3,0,0
349,431,43043.1,1.25091,104403,201.862,1,0,0
350,436,44067.5,1.00212,126609,241.989,1,0,0
351,438,43475,0.817456,149509,284.455,5,0,0
352,449,43558.1,0.763604,169434,314.465,2,0,0
353,462,44066,0.763604,196616,354.647,1,0,0
354,470,44637.7,0.763604,227456,403.29,2,0,0
355,487,44424.4,2.41012,65839.9,112.662,1,0,0
356,496,45235,1.34762,112888,189.663,1,0,0
357,503,45996.5,0.860331,164933,273.248,2,0,0
358,512,46612.6,0.763604,222272,361.77,2,0,0
359,518,46919.9,0.763604,280423,451.131,4,0,0
360,536,46797,0.763604,339327,527.561,2,0,0
361,549,46172.2,0.763604,391837,594.774,5,0,0
362,551,46035.3,0.763604,441584,667.853,6,0,0
363,566,46652.6,0.763604,490118,721.611,1,0,0
364,579,46110.6,0.763604,531937,765.598,4,0,3
365,559,46398.9,0.763604,574749,856.811,4,0,35
366,535,45691.6,0.763604,610313,950.643,3,0,42
367,500,45055.8,0.763604,638058,1063.43,7,0,41
368,481,43752.5,0.763604,660115,1143.65,7,0,26
369,452,45728.5,0.763604,678437,1250.81,0,0,38
370,419,43788.4,0.763604,688857,1370.04,5,0,43
371,396,45603.4,0.763604,698243,1469.37,0,0,34
372,384,44895.6,0.763604,708678,1537.93,1,0,31
373,361,43758.3,0.763604,710159,1639.33,4,0,27
374,336,40748.3,1.19511,84527.6,209.642,5,0,27
375,333,38822.3,0.892984,106022,265.319,8,0,0
376,336,38337.6,0.763604,123559,306.447,5,0,0
377,346,36873,0.763604,134449,323.817,6,0,0
378,344,35757.4,0.763604,140825,341.147,7,0,0
379,342,34440.1,0.763604,149556,364.416,7,0,0
380,350,33994.3,0.763604,158741,377.955,3,0,0
381,362,33427.7,0.763604,166164,382.514,2,0,0
382,365,32553.8,0.763604,172752,394.412,6,0,0
383,375,33443.6,0.763604,182964,406.586,0,0,0
384,383,31710.6,0.763604,190166,413.764,8,0,0
385,398,32291.5,0.763604,199136,416.951,0,0,0
386,406,33491.4,0.763604,211270,433.641,0,0,0
387,410,35035.2,0.763604,226197,459.75,0,0,0
388,415,36531.7,0.763604,244813,491.593,0,0,0
389,430,37211.5,0.763604,268782,520.896,0,0,0
390,443,38116.8,0.763604,298449,561.416,0,0,0
391,453,39307.6,0.763604,331078,609.047,0,0,0
392,463,40477.2,0.763604,363536,654.312,0,0,0
393,474,41571.9,0.763604,394305,693.223,0,0,0
394,481,42355.2,0.763604,422919,732.708,3,0,0
395,492,42943,0.763604,456300,772.865,2,0,0
396,498,43243.2,0.763604,489013,818.294,3,0,0
397,503,43907.4,0.763604,517935,858.077,4,0,0
398,514,44334,0.763604,546949,886.752,3,0,0
399,526,44431.4,0.763604,574939,910.866,3,0,0
400,532,44246.2,0.763604,607209,951.142,6,0,0
401,535,43613.3,0.763604,636887,992.036,8,0,0
402,539,41965.9,0.763604,196784,304.243,10,0,0
403,544,41552,0.763604,255511,391.408,7,0,0
404,550,41630.2,0.763604,309402,468.791,6,0,0
405,561,39908.1,0.763604,353811,525.566,12,0,0
406,568,40134.4,0.763604,390347,572.692,6,0,0
407,586,40098,0.763604,431038,612.966,3,0,0
408,597,40413.1,0.763604,467778,652.956,4,0,0
409,609,39354.1,0.763604,501755,686.583,8,0,0
410,622,39373.7,0.763604,532128,712.926,5,0,0
411,638,39840,0.763604,562289,734.442,2,0,0
412,648,39832.8,0.763604,593718,763.526,6,0,0
413,653,39513.2,0.763604,618998,789.941,8,0,0
414,670,39873.1,0.763604,647221,805.002,3,0,0
415,683,40004.4,0.763604,672283,820.258,5,0,0
416,696,41091.4,0.763604,696513,833.948,1,0,0
417,710,41903.4,3.37247,68178.3,80.0214,2,0,0
418,721,40746.8,2.07497,112249,129.738,9,0,0
419,734,40408,1.30014,172164,195.463,7,0,0
420,752,40675.9,0.969467,224255,248.509,3,0,0
421,763,41139,0.763604,280762,306.643,4,0,0
422,776,41739.2,0.763604,338648,363.669,3,0,0
423,794,42292.8,0.763604,398951,418.714,3,0,0
424,821,42632.8,0.763604,452597,459.396,2,0,0
425,838,42986.7,0.763604,510758,507.914,4,0,0
426,852,42404.9,0.763604,565898,553.499,10,0,0
427,869,42320,3.86335,71703.2,68.7602,6,0,0
428,894,41470.5,1.86825,153156,142.763,7,0,0
429,904,41924,1.16226,232701,214.511,7,0,0
430,924,41551.5,0.824895,313170,282.441,8,0,0
431,944,41044.3,0.763604,384239,339.194,8,0,0
432,959,40395.8,0.763604,447354,388.733,12,0,0
433,961,40041.8,1.96718,157118,136.245,12,0,0
434,986,40539.9,1.26413,236762,200.104,2,0,0
435,996,39846.2,0.883733,319735,267.516,12,0,0
436,1008,39583.3,0.763604,391161,323.38,11,0,0
437,1020,39001.5,0.763604,460422,376.161,16,0,0
438,1043,38992.7,0.763604,529863,423.349,8,0,0
439,1054,39644.8,0.763604,599397,473.907,8,0,0
440,1075,39490.8,3.31531,105150,81.5116,7,0,0
441,1099,39392.9,1.83586,191257,145.024,7,0,0
442,1115,38750.1,1.17144,285164,213.127,13,0,0
443,1134,39215.4,0.862246,371185,272.769,7,0,0
444,1165,39337.8,0.763604,463734,331.713,6,0,0
445,1181,39023.3,0.763604,545938,385.223,11,0,0
446,1201,39159.2,0.763604,628382,436.013,11,0,0
447,1228,38883.8,0.763604,714156,484.633,12,0,0
448,1261,38769,0.763604,784547,518.469,7,0,0
449,1274,38695.1,0.763604,862006,563.845,14,0,0
450,1285,37730.2,0.763604,940766,610.095,19,0,0
451,1302,37925.9,0.763604,1.01714e+06,651.012,10,0,0
452,1343,38621.7,0.763604,1.09383e+06,678.721,2,0,0
453,1371,39031.8,0.763604,1.16731e+06,709.523,7,0,0
454,1386,39561.7,0.763604,1.2397e+06,745.372,10,0,0
455,1420,39076.9,0.763604,1.30358e+06,765.01,15,0,0
456,1443,39336.4,0.763604,1.36655e+06,789.181,10,0,0
457,1472,39876.8,0.763604,1.43577e+06,812.822,9,0,0
458,1502,39866.8,0.763604,1.49916e+06,831.759,11,0,0
459,1532,40004.2,0.763604,1.56132e+06,849.281,11,0,0
460,1549,39917.2,0.763604,1.62157e+06,872.374,14,0,0
461,1583,40167,0.763604,1.68982e+06,889.566,9,0,0
462,1613,40379.2,0.763604,1.75458e+06,906.48,9,0,0
463,1645,40453.9,0.763604,1.83062e+06,927.364,13,0,0
464,1670,40424.1,0.763604,1.89288e+06,944.553,14,0,0
465,1695,40402,0.763604,1.96686e+06,966.993,14,0,0
466,1728,40492.4,0.763604,2.04084e+06,984.203,12,0,0
467,1764,40584.8,0.763604,2.12834e+06,1005.45,12,0,0
468,1806,40824.6,0.763604,2.20092e+06,1015.56,9,0,0
469,1842,40568.5,0.763604,2.25933e+06,1022.13,16,0,0
470,1812,40710.2,0.763604,2.32058e+06,1067.23,18,0,51
471,1700,40396.8,0.763604,2.37665e+06,1165.02,19,0,141
472,1609,40854.3,0.763604,2.42174e+06,1254.27,11,0,122
473,1504,41256.6,0.763604,2.46412e+06,1365.32,16,0,121
474,1436,40667.3,0.763604,2.48123e+06,1439.9,15,0,100
475,1341,40008.6,0.763604,2.49631e+06,1551.27,14,0,115
476,1246,39697.7,0.763604,2.50194e+06,1673.31,13,0,117
477,1187,39038.3,0.763604,2.49686e+06,1752.92,11,0,93
478,1124,39284.3,0.763604,2.48335e+06,1841.15,10,0,84
479,1055,39793,1.0876,286998,226.696,8,0,84
480,1021,40335.9,0.766712,366400,299.053,8,0,50
481,1044,40058.9,0.763604,437383,349.124,9,0,0
482,1059,40488.5,0.763604,515526,405.67,7,0,0
483,1079,40380.3,0.763604,585429,452.138,9,0,0
484,1094,40194.5,1.6349,210959,160.694,12,0,0
485,1128,39804.2,1.08082,308130,227.638,8,0,0
486,1154,39874.9,0.819829,393018,283.809,7,0,0
487,1188,39792.5,0.763604,479320,336.223,7,0,0
488,1218,40212.3,0.763604,565136,386.656,5,0,0
489,1238,39284,1.94813,204206,137.457,17,0,0
490,1252,39438.3,1.39339,277022,184.386,9,0,0
491,1274,39680.1,0.999357,370776,242.527,7,0,0
492,1299,40009.9,0.768641,465254,298.469,7,0,0
493,1321,39819.8,0.763604,558515,352.331,13,0,0
494,1349,39690.8,0.763604,649206,401.041,12,0,0
495,1366,39959.8,0.763604,743516,453.584,10,0,0
496,1389,40353.8,0.763604,830451,498.231,9,0,0
497,1414,40275.2,0.763604,903570,532.514,12,0,0
498,1443,40700,0.763604,980763,566.391,10,0,0
499,1459,40739.6,0.763604,1.06041e+06,605.671,15,0,0
500,1497,41203,0.763604,1.14426e+06,636.975,4,0,0
